symbol,western_interpretation,psychological_meaning,sentiment
flying,Freedom and transcendence,Desire to escape from restrictions or feeling empowered.,positive
falling,Insecurity and anxiety,Loss of control in waking life or fear of failure.,negative
teeth falling out,Loss of power or aging,"Anxiety about appearance, communication, or growing old.",negative
being chased,Avoidance,Running away from a problem or emotion that needs to be addressed.,negative
naked in public,Vulnerability and shame,Fear of being exposed or judged by others.,negative
exam/test,Self-evaluation,Fear of being unprepared or judged on performance.,anxious
death,Transformation,End of a phase and beginning of a new one (not literal death).,neutral
water (calm),Peace and clarity,Emotional stability and unconscious mind.,positive
water (turbulent),Emotional overwhelmedness,Repressed emotions surfacing or chaotic life situation.,negative
house,The Self,Different rooms represent different aspects of the dreamer's psyche.,neutral
car,Life's direction,Who is driving represents who is in control of the dreamer's life.,neutral
killing someone,Repressing a part of self,Trying to 'kill off' an aspect of personality or a habit.,negative
lost,Confusion,Feeling directionless or unsure about a life decision.,anxious
flying (lucid),Control and creativity,Awareness of one's potential and ability to steer life.,very positive
elevator (up),Success and aspiration,Feeling that you are rising in status or achieving goals.,positive
elevator (down),Setback or regression,Fear of losing status or returning to old habits.,negative
elevator (stuck),Stagnation,Feeling trapped in a situation with no clear way out.,anxious
mirror,Self-reflection,How you see yourself or how you want others to see you.,neutral
clock/time,Time anxiety,Pressure to meet deadlines or feeling that life is passing too fast.,anxious
missing a flight/train,Missed opportunity,Fear of failing to seize a significant life chance.,negative
being late,Performance anxiety,Feeling unprepared or inadequate in a professional or social setting.,anxious
infidelity (cheating),Internal conflict,"Not necessarily about the partner,  but about self-betrayal or guilt.",negative
darkness,Unknown or fear,Facing the shadow self or repressed aspects of the psyche.,anxious
key,Discovery or solution,Opening new doors or finding the answer to a long-standing problem.,positive
bridge,Transition,A major life change or moving from one phase to another.,neutral
storm,Emotional turmoil,Internal conflict or external chaos in waking life.,negative
forest,Unconscious mind,Exploring the unknown parts of one's own personality.,neutral
spider,Control or manipulation,Feeling trapped in a 'web' of someone else's influence.,anxious
snake (western),Hidden threat or healing,A more ambivalent symbol representing both danger and wisdom.,neutral
money (found),Self-worth,Finding new value in oneself or discovering hidden talents.,positive
smartphone/tech,Communication,Issues with how you connect with others or information overload.,neutral
prison/cage,Restriction,Feeling limited by social norms or your own beliefs.,negative
mountains,Challenges,The effort required to achieve something great.,positive
desert,Emotional dryness,Feeling isolated or lacking inspiration in life.,negative
blood (western),Energy and sacrifice,Vitality or the emotional cost of a situation.,neutral
baby,New beginning,"A new project,  idea,  or a fresh start in life.",positive
fire (destructive),Rage or loss,Out of control emotions or significant changes through destruction.,negative
fire (warm),Comfort or passion,"Emotional warmth,  creativity,  or intense desire.",positive
invisibility,Social neglect,Feeling ignored or having a desire to hide from public view.,negative
breathing underwater,Emotional resilience,The ability to stay calm and 'breathe' despite overwhelming emotions.,positive
labyrinth,Internal search,Trying to find the core of a problem or your own identity.,anxious
tunnel,Transition or narrow focus,Going through a difficult phase with a 'light at the end'.,neutral
airport,Life transitions,Readiness for a major change or a new journey.,neutral
hospital,Need for healing,Recognition that a part of life or psyche needs professional care.,anxious
library,Search for knowledge,Seeking answers from the past or from collective wisdom.,positive
school (returning to),Unresolved issues,Feeling that you have a lesson to learn or a past mistake to fix.,anxious
paralysis (sleep),Helplessness,Feeling unable to act or speak in a stressful situation.,very negative
shadow,The Shadow Self,Facing repressed traits or things you dislike about yourself.,anxious
keyhole,Curiosity or voyeurism,Wanting to know more about a secret or someone else's life.,neutral
mask,Deception or social persona,Hiding your true self behind a role or fearing others are doing so.,neutral
climbing a rope,Struggle for success,Hard work required to reach a goal or status.,anxious
falling into a pit,Deep depression or entrapment,Feeling that a situation is becoming unmanageable.,negative
walking on glass,Fragility and danger,A situation where one must be extremely careful to avoid hurt.,anxious
giant,Overwhelming power,Feeling small compared to a large authority or problem.,anxious
miniature self,Lack of self-esteem,Feeling insignificant or powerless in a social context.,negative
losing a wallet,Loss of identity,Fear of losing your 'credit' or sense of who you are.,negative
wedding (your own),Union of opposites,Commitment to a new idea or integration of personality traits.,positive
wedding (someone else's),Envy or social pressure,Feelings about commitment or status in a group.,neutral
drowning,Emotional overwhelm,Feeling 'submerged' in too many feelings or responsibilities.,negative
wild animal,Untamed instincts,Raw emotions or desires that are hard to control.,anxious
pet (injured),Neglected emotions,A part of yourself that needs care and affection is suffering.,negative
island,Isolation or self-sufficiency,Desire for solitude or feeling cut off from the world.,neutral
waves (giant),Emotional tsunami,Large-scale life changes or overwhelming feelings.,anxious
glitchy world,Sense of unreality,Questioning the stability of your environment or mind.,anxious
robot/android,Lack of emotion,Feeling that you or someone else is acting mechanically.,negative
invisible barrier,Frustration,Being unable to reach a goal despite it being 'in sight'.,negative
broken wings,Lost potential,Feeling that your ability to 'fly' or succeed has been hampered.,negative
locked door,Obstacle,A path that is currently closed or requires a specific 'key' to open.,negative
opening a gift,Unexpected discovery,New talents or opportunities coming from others.,positive
sinking ship,Failing situation,Feeling that a project or relationship is beyond saving.,negative
running in slow motion,Ineffectiveness,Trying hard but not making progress due to internal resistance.,anxious
flying on a bird,Spiritual guidance,Transcendence achieved through a connection with nature or intuition.,positive
garden (overgrown),Neglected potential,A part of your life that could be beautiful but needs work.,neutral
garden (blooming),Flourishing self,"A state of harmony,  growth,  and personal success.",positive
broken clock,Frozen time,Feeling that you are stuck in the past or that time has lost meaning.,anxious
empty room,Potential or loneliness,"A 'blank slate' for a new start,  or a sense of inner void.",neutral
crowded room,Social anxiety,Feeling overwhelmed by the demands or opinions of others.,anxious
underground city,Subconscious society,Exploring the hidden layers of social or personal rules.,neutral
rainbow (western),Hope and promise,Emotional healing and the end of a difficult period.,positive
lightning (western),Sudden insight or shock,"A 'bolt' of inspiration or a sudden,  dramatic change.",neutral
ticking bomb,Extreme pressure,A situation that feels like it will 'explode' soon if not addressed.,very anxious
dirty dishes,Unfinished tasks,Small chores or emotional issues that are piling up.,negative
cleaning a house,Mental clarity,Sorting through thoughts and removing 'clutter' from the mind.,positive
climbing a mountain,Ambition,"The long,  hard trek toward a major life achievement.",positive
view from the top,Perspective,Achieving a broad understanding after much effort.,positive
losing your way,Lack of purpose,Feeling that your current life path is not the right one.,anxious
finding a treasure,Self-discovery,Realizing a valuable trait or skill you didn't know you had.,very positive
meeting a celebrity,Aspiration or self-projection,Desire for recognition or projecting your own 'star' qualities.,neutral
alien encounter,The truly 'Other',Facing something completely foreign to your experience.,anxious
war zone,Internal conflict,A state of intense emotional struggle or trauma.,negative
peaceful meadow,Inner peace,A state of calm and emotional balance.,positive
dark alley,Fear of the unknown,Anticipating danger in a situation where you feel vulnerable.,anxious
bright light,Awakening or truth,A moment of clarity or a spiritual experience.,positive
chains,Restraint,"Feeling bound by rules,  habits,  or a relationship.",negative
breaking chains,Liberation,Gaining freedom from something that was holding you back.,positive
key (gold),Important solution,A high-value answer to a complex problem.,very positive
book (western),Knowledge and history,Accessing information or reflecting on your life story.,neutral
white room,Sterility or new beginning,A space for total focus or a feeling of being 'erased'.,neutral
black hole (western),Total loss,Fear of being completely consumed by a problem or emotion.,negative
stars (western),Hopes and dreams,Looking at the 'big picture' and long-term aspirations.,positive
moon (western),Intuition and femininity,The changing nature of emotions and the unconscious.,neutral
sun (western),Vitality and consciousness,"Clarity,  energy,  and the power of the ego.",positive